time_to_compare,time_stamp,agent_id,agent_signature,target_id,target_signature,target_type,target_x,target_y,target_vx,target_vy,target_ax,target_ay,target_radius,target_alpha
12.55884075164795,12.635635137557983,2,8174115837653535,2,1930985751532961,2,2.5097936045548237,4.0216557632704175,-0.8417035845981955,-0.021093635422778666,0,0,0.3,0
12.677558422088623,12.672536134719849,2,8174115837653535,1,4604613827104688,0,8.7,2.8,0,0,0,0,0.75,0
14.399724245071411,14.410696268081665,2,8174115837653535,1,7031742188150141,0,8.7,2.8,0,0,0,0,0.75,0
16.88216519355774,16.959991931915283,2,8174115837653535,1,89350362992697,0,8.7,2.8,0,0,0,0,0.75,0
17.878135442733765,17.971395015716553,2,8174115837653535,1,1577683938098917,0,8.7,2.8,0,0,0,0,0.75,0
18.697880744934082,18.922794818878174,2,8174115837653535,1,1880504601676239,0,8.7,2.8,0,0,0,0,0.75,0
12.786232471466064,12.79922604560852,2,8174115837653535,5,3287323124869166,2,4.296656828821475,3.157690011606233,-0.7503546746012593,0.9525291590782063,0,0,0.3,0
14.399724245071411,14.43964171409607,2,8174115837653535,5,6847961990554082,2,3.065763263682693,4.720233768849392,-0.7503546746012593,0.9525291590782063,0,0,0.3,0
12.786232471466064,12.831111431121826,2,8174115837653535,3,4400191793302540,2,1.1430388951549988,4.183652641837131,-0.9781095017995247,-1.164105978397423,0,0,0.3,0
